Date,Type,Planets,Angle
07/01/2022,Geo,Jup_Jup,45
07/01/2022,Geo,Sat_Sat,144
11/01/2022,Geo,Sat_Ura,36
11/01/2022,Helio,Sat_Ura,36
18/01/2022,Geo,Jup_Ura,15
18/01/2022,Ura,D,
19/01/2022,Geo,Sat_Nep,7.5
20/01/2022,Helio,Ven_Jup,30
21/01/2022,Geo,Sat_Plu,45
25/01/2022,Helio,Sat_Plu,45
29/01/2022,Geo,Jup_Nep,15
31/01/2022,Helio,Sat_Nep,7.5
02/02/2022,Geo,Nep_Nep,30
02/02/2022,Helio,Jup_Jup,45
03/02/2022,Geo,Ven_Sat,60
07/02/2022,Geo,Sun_Jup,120
07/02/2022,Helio,Jup_Plu,72
08/02/2022,Geo,Mer_Jup,135
12/02/2022,Geo,Jup_Sat,30
16/02/2022,Nep,Hs,
17/02/2022,Helio,Sat_Ura,120
18/02/2022,Geo,Jup_Plu,72
19/02/2022,Geo,Jup_Ura,7.5
19/02/2022,Helio,Jup_Ura,7.5
22/02/2022,Helio,Jup_Sat,180
27/02/2022,Geo,Sat_Sat,150
01/03/2022,Geo,Jup_Nep,22.5
03/03/2022,Geo,Mar_Sat,90
03/03/2022,Geo,Sat_Ura,30
09/03/2022,Geo,Ven_Jup,90
13/03/2022,Geo,Jup_Jup,60
15/03/2022,Helio,Jup_Nep,22.5
17/03/2022,Geo,Mer_Jup,144
20/03/2022,Geo,Jup_Sat,180
22/03/2022,Geo,Mar_Jup,120
22/03/2022,Geo,Jup_Ura,0
26/03/2022,Geo,Sat_Nep,0
28/03/2022,Helio,Ven_Jup,36
02/04/2022,Geo,Jup_Nep,30
04/04/2022,Jup,Hs,
05/04/2022,Geo,Sun_Nep,135
08/04/2022,Geo,Mer_Nep,150
10/04/2022,Geo,Jup_Sat,36
11/04/2022,Geo,Sun_Jup,135
12/04/2022,Geo,Mer_Jup,150
24/04/2022,Geo,Mer_Sat,120
24/04/2022,Geo,Jup_Ura,7.5
25/04/2022,Geo,Ura_Plu,135
28/04/2022,Geo,Jup_Nep,36
28/04/2022,Helio,Ven_Sat,7.5
30/04/2022,Plu,R,
01/05/2022,Sun,SEcl,
05/05/2022,Geo,Jup_Jup,72
07/05/2022,Geo,Jup_Plu,90
11/05/2022,Jup,Ari,
13/05/2022,Helio,Jup_Ura,0
16/05/2022,Mon,LEcl,
22/05/2022,Geo,Ven_Ura,150
24/05/2022,Helio,Nep_Nep,30
26/05/2022,Geo,Sun_Jup,144
02/06/2022,Geo,Mar_Jup,135
03/06/2022,Geo,Jup_Ura,15
03/06/2022,Helio,Jup_Sat,22.5
05/06/2022,Helio,Jup_Nep,30
05/06/2022,Sat,R,
07/06/2022,Helio,Jup_Plu,0
10/06/2022,Helio,Ear_Jup,45
11/06/2022,Geo,Jup_Ura,120
21/06/2022,Geo,Jup_Nep,45
28/06/2022,Nep,R,
30/06/2022,Helio,Mar_Jup,120
05/07/2022,Helio,Ven_Jup,45
16/07/2022,Helio,Ura_Plu,135
17/07/2022,Helio,Jup_Jup,60
18/07/2022,Geo,Mer_Sat,120
23/07/2022,Helio,Sat_Ura,30
28/07/2022,Geo,Sat_Ura,120
29/07/2022,Jup,R,
31/07/2022,Helio,Ear_Nep,45
02/08/2022,Geo,Jup_Sat,36
03/08/2022,Helio,Jup_Ura,7.5
10/08/2022,Helio,Jup_Nep,36
20/08/2022,Geo,Sat_Nep,0
24/08/2022,Helio,Jup_Plu,90
24/08/2022,Ura,R,
05/09/2022,Geo,Jup_Nep,45
10/09/2022,Helio,Ear_Ura,7.5
16/09/2022,Helio,Ear_Jup,36
21/09/2022,Geo,Sat_Ura,120
24/09/2022,Geo,Mer_Nep,150
24/09/2022,Geo,Jup_Ura,15
24/09/2022,Geo,Mar_Jup,135
28/09/2022,Geo,Sun_Nep,135
29/09/2022,Helio,Sat_Nep,0
30/09/2022,Geo,Sat_Ura,30
01/10/2022,Geo,Mar_Sat,90
04/10/2022,Geo,Sun_Jup,144
09/10/2022,Plu,D,
18/10/2022,Geo,Sat_Sat,150
23/10/2022,Sat,D,
24/10/2022,Helio,Jup_Ura,15
25/10/2022,Sun,SEcl,
28/10/2022,Geo,Sat_Sat,150
08/11/2022,Geo,Jup_Plu,90
08/11/2022,Mon,LEcl,
12/11/2022,Geo,Jup_Ura,120
13/11/2022,Helio,Mer_Jup,150
14/11/2022,Geo,Mar_Sat,90
15/11/2022,Geo,Sat_Ura,30
16/11/2022,Helio,Jup_Nep,45
21/11/2022,Geo,Jup_Jup,72
21/11/2022,Helio,Ear_Jup,30
24/11/2022,Jup,D,
25/11/2022,Helio,Jup_Jup,72
26/11/2022,Geo,Jup_Jup,72
04/12/2022,Nep,D,
09/12/2022,Geo,Ven_Ura,150
09/12/2022,Geo,Jup_Plu,90
11/12/2022,Helio,Mar_Sat,90
11/12/2022,Helio,Mar_Jup,135
15/12/2022,Helio,Ven_Jup,60
20/12/2022,Jup,Ari,
22/12/2022,Geo,Sat_Nep,0
23/12/2022,Helio,Ven_Sat,15
05/01/2023,Geo,Jup_Sat,36
12/01/2023,Geo,Sun_Jup,144
14/01/2023,Geo,Mer_Sat,120
14/01/2023,Helio,Jup_Ura,22.5
15/01/2023,Helio,Ear_Sat,72
16/01/2023,Helio,Jup_Sat,150
18/01/2023,Helio,Mer_Jup,144
20/01/2023,Geo,Mar_Jup,135
20/01/2023,Geo,Jup_Ura,15
23/01/2023,Ura,D,
28/01/2023,Helio,Jup_Sat,30
03/02/2023,Geo,Jup_Nep,45
05/02/2023,Geo,Sun_Nep,135
07/02/2023,Geo,Sat_Ura,22.5
08/02/2023,Geo,Mer_Nep,150
10/02/2023,Helio,Ear_Jup,22.5
11/02/2023,Geo,Nep_Plu,22.5
14/02/2023,Geo,Sun_Jup,150
17/02/2023,Geo,Ven_Sat,72
18/02/2023,Geo,Plu_Plu,30
27/02/2023,Geo,Sat_Nep,7.5
27/02/2023,Geo,Jup_Ura,22.5
01/03/2023,Geo,Sat_Plu,60
06/03/2023,Geo,Mar_Jup,144
07/03/2023,Geo,Ven_Ura,150
18/03/2023,Geo,Ven_Jup,120
18/03/2023,Helio,Sat_Ura,22.5
19/03/2023,Helio,Mar_Jup,144
22/03/2023,Geo,Jup_Jup,90
23/03/2023,Geo,Jup_Sat,45
23/03/2023,Helio,Jup_Sat,144
23/03/2023,Plu,Aqu,
30/03/2023,Geo,Jup_Sat,150
31/03/2023,Geo,Mar_Jup,150
31/03/2023,Geo,Jup_Ura,30
01/04/2023,Geo,Jup_Ura,120
06/04/2023,Helio,Jup_Ura,30
11/04/2023,Geo,Jup_Nep,60
14/04/2023,Geo,Sat_Ura,15
20/04/2023,Geo,Mer_Jup,180
20/04/2023,Sun,SEcl,
24/04/2023,Geo,Jup_Sat,144
24/04/2023,Geo,Ura_Nep,7.5
25/04/2023,Geo,Jup_Ura,36
25/04/2023,Helio,Ven_Jup,72
26/04/2023,Helio,Mer_Jup,135
26/04/2023,Jup,Hs,
29/04/2023,Helio,Jup_Nep,60
02/05/2023,Plu,R,
03/05/2023,Helio,Ear_Jup,15
04/05/2023,Geo,Sat_Ura,120
06/05/2023,Mon,LEcl,
11/05/2023,Geo,Mar_Ura,180
11/05/2023,Geo,Ura_Ura,60
13/05/2023,Geo,Jup_Plu,120
18/05/2023,Geo,Sat_Nep,15
18/05/2023,Helio,Sat_Plu,60
20/05/2023,Geo,Ven_Jup,135
24/05/2023,Helio,Mar_Jup,150
24/05/2023,Helio,Sat_Nep,7.5
01/06/2023,Geo,Jup_Nep,72
02/06/2023,Geo,Jup_Sat,135
02/06/2023,Geo,Nep_Nep,36
03/06/2023,Helio,Mar_Nep,120
04/06/2023,Geo,Jup_Ura,45
10/06/2023,Helio,Jup_Jup,90
10/06/2023,Helio,Jup_Ura,36
11/06/2023,Plu,Cap,
14/06/2023,Helio,Sat_Plu,135
17/06/2023,Ura,Hs,
18/06/2023,Sat,R,
26/06/2023,Geo,Ura_Nep,90
28/06/2023,Geo,Sun_Jup,180
29/06/2023,Helio,Jup_Sat,135
01/07/2023,Nep,R,
04/07/2023,Geo,Ven_Jup,144
17/07/2023,Helio,Jup_Plu,120
18/07/2023,Geo,Sat_Nep,15
19/07/2023,Geo,Plu_Plu,30
24/07/2023,Helio,Ear_Jup,7.5
29/07/2023,Geo,Nep_Plu,22.5
30/07/2023,Geo,Nep_Nep,36
06/08/2023,Geo,Jup_Plu,135
06/08/2023,Helio,Jup_Sat,36
08/08/2023,Helio,Ven_Nep,45
17/08/2023,Helio,Ven_Sat,22.5
25/08/2023,Geo,Sat_Ura,15
29/08/2023,Ura,R,
04/09/2023,Jup,R,
07/09/2023,Helio,Jup_Nep,72
10/09/2023,Geo,Ura_Nep,7.5
17/09/2023,Helio,Jup_Ura,45
25/09/2023,Geo,Jup_Sat,45
03/10/2023,Geo,Jup_Plu,135
07/10/2023,Helio,Mer_Jup,120
11/10/2023,Plu,D,
15/10/2023,Helio,Ear_Jup,0
15/10/2023,Sun,SEcl,
29/10/2023,Mon,LEcl,
04/11/2023,Geo,Ura_Nep,90
04/11/2023,Sat,D,
09/11/2023,Geo,Ven_Jup,144
09/11/2023,Helio,Ven_Jup,90
09/11/2023,Helio,Sat_Ura,15
14/11/2023,Ura,Hs,
16/11/2023,Geo,Sun_Jup,180
25/11/2023,Helio,Ura_Ura,60
06/12/2023,Nep,D,
11/12/2023,Helio,Jup_Sat,120
13/12/2023,Geo,Jup_Sat,45
19/12/2023,Geo,Nep_Plu,22.5
27/12/2023,Geo,Plu_Plu,30
29/12/2023,Helio,Jup_Plu,135
31/12/2023,Jup,D,
05/01/2024,Helio,Ear_Jup,7.5
07/01/2024,Helio,Mer_Sat,180
09/01/2024,Geo,Sat_Ura,15
14/01/2024,Helio,Sat_Nep,15
21/01/2024,Plu,Aqu,
27/01/2024,Helio,Ear_Sat,60
27/01/2024,Ura,D,
01/02/2024,Geo,Sat_Nep,15
09/02/2024,Helio,Jup_Nep,60
13/02/2024,Geo,Sun_Jup,180
13/02/2024,Geo,Ven_Plu,45
20/02/2024,Geo,Sun_Sat,120
20/02/2024,Geo,Ven_Jup,144
21/02/2024,Geo,Mer_Sat,135
22/02/2024,Geo,Mar_Plu,72
24/02/2024,Geo,Ura_Nep,7.5
29/02/2024,Helio,Jup_Ura,60
11/03/2024,Geo,Sat_Plu,72
14/03/2024,Geo,Sat_Ura,7.5
17/03/2024,Geo,Jup_Plu,135
20/03/2024,Geo,Nep_Nep,36
24/03/2024,Geo,Ven_Jup,150
24/03/2024,Helio,Jup_Nep,90
25/03/2024,Mon,LEcl,
28/03/2024,Geo,Jup_Plu,15
28/03/2024,Helio,Ear_Jup,15
29/03/2024,Geo,Jup_Jup,120
04/04/2024,Geo,Sat_Nep,22.5
06/04/2024,Ura,Hs,
07/04/2024,Geo,Jup_Sat,120
07/04/2024,Helio,Ven_Sat,30
07/04/2024,Helio,Jup_Plu,144
08/04/2024,Geo,Mar_Jup,180
09/04/2024,Geo,Jup_Ura,60
09/04/2024,Sun,SEcl,
14/04/2024,Geo,Ura_Nep,90
18/04/2024,Helio,Mar_Jup,180
18/04/2024,Jup,Hs,
19/04/2024,Geo,Jup_Nep,90
21/04/2024,Geo,Ven_Sat,90
27/04/2024,Geo,Jup_Plu,144
27/04/2024,Geo,Jup_Nep,72
30/04/2024,Geo,Mer_Jup,150
03/05/2024,Geo,Jup_Sat,60
03/05/2024,Plu,R,
05/05/2024,Helio,Jup_Jup,120
11/05/2024,Geo,Nep_Plu,90
12/05/2024,Helio,Jup_Sat,45
15/05/2024,Geo,Ura_Plu,144
16/05/2024,Geo,Mer_Sat,144
22/05/2024,Geo,Jup_Plu,150
25/05/2024,Geo,Mer_Jup,144
26/05/2024,Geo,Mer_Ura,150
26/05/2024,Helio,Sat_Plu,72
26/05/2024,Jup,Gem,
29/05/2024,Geo,Sat_Sat,180
30/05/2024,Geo,Jup_Ura,72
30/05/2024,Helio,Plu_Plu,30
31/05/2024,Helio,Ura_Nep,90
03/06/2024,Geo,Jup_Jup,135
07/06/2024,Geo,Mar_Sat,120
08/06/2024,Geo,Sat_Ura,0
08/06/2024,Geo,Jup_Plu,15
13/06/2024,Helio,Jup_Plu,150
20/06/2024,Helio,Ear_Jup,22.5
28/06/2024,Helio,Sat_Ura,7.5
30/06/2024,Sat,R,
02/07/2024,Nep,R,
03/07/2024,Geo,Sun_Jup,150
04/07/2024,Geo,Mer_Jup,135
06/07/2024,Helio,Sat_Sat,180
07/07/2024,Helio,Ear_Ura,15
12/07/2024,Helio,Jup_Ura,72
12/07/2024,Helio,Nep_Plu,22.5
13/07/2024,Geo,Jup_Jup,144
18/07/2024,Geo,Mar_Plu,72
22/07/2024,Geo,Sat_Ura,0
23/07/2024,Geo,Mar_Sat,120
23/07/2024,Jup,Hs,
28/07/2024,Geo,Ven_Plu,45
01/08/2024,Geo,Sat_Sat,180
03/08/2024,Geo,Sun_Jup,144
09/08/2024,Geo,Ven_Jup,180
14/08/2024,Geo,Mer_Sat,144
15/08/2024,Geo,Jup_Jup,150
26/08/2024,Geo,Nep_Plu,90
28/08/2024,Geo,Jup_Sat,90
29/08/2024,Geo,Jup_Sat,60
01/09/2024,Geo,Mar_Jup,150
01/09/2024,Geo,Jup_Ura,90
01/09/2024,Ura,R,
02/09/2024,Helio,Sat_Nep,22.5
02/09/2024,Plu,Cap,
06/09/2024,Helio,Mer_Jup,90
10/09/2024,Geo,Jup_Nep,72
12/09/2024,Geo,Ven_Sat,90
13/09/2024,Helio,Ear_Jup,30
18/09/2024,Mon,LEcl,
23/09/2024,Helio,Ura_Plu,144
03/10/2024,Sun,SEcl,
07/10/2024,Geo,Sat_Nep,22.5
08/10/2024,Helio,Ven_Sat,36
09/10/2024,Helio,Ven_Jup,120
09/10/2024,Jup,R,
12/10/2024,Plu,D,
21/10/2024,Helio,Ura_Nep,7.5
22/10/2024,Helio,Jup_Jup,135
03/11/2024,Geo,Nep_Nep,36
11/11/2024,Helio,Jup_Sat,90
15/11/2024,Sat,D,
16/11/2024,Geo,Jup_Ura,90
17/11/2024,Geo,Mar_Jup,150
20/11/2024,Geo,Jup_Sat,90
20/11/2024,Helio,Ear_Jup,36
20/11/2024,Plu,Aqu,
04/12/2024,Geo,Jup_Jup,150
08/12/2024,Nep,D,
11/12/2024,Geo,Ven_Jup,180
19/12/2024,Geo,Sun_Jup,144
19/12/2024,Helio,Mar_Ura,180
21/12/2024,Geo,Ven_Plu,45
24/12/2024,Geo,Sat_Nep,22.5
24/12/2024,Geo,Mer_Ura,150
29/12/2024,Geo,Mar_Plu,72
06/01/2025,Jup,Hs,
11/01/2025,Geo,Nep_Nep,36
15/01/2025,Geo,Ven_Sat,90
24/01/2025,Geo,Jup_Plu,15
26/01/2025,Geo,Jup_Sat,60
31/01/2025,Helio,Nep_Nep,36
31/01/2025,Ura,D,
02/02/2025,Helio,Jup_Jup,144
03/02/2025,Helio,Jup_Ura,90
04/02/2025,Jup,D,
05/02/2025,Geo,Mer_Sat,144
11/02/2025,Geo,Sat_Sat,180
13/02/2025,Helio,Sat_Ura,0
15/02/2025,Geo,Mar_Sat,120
15/02/2025,Geo,Sat_Ura,0
27/02/2025,Geo,Jup_Nep,72
27/02/2025,Helio,Jup_Nep,120
04/03/2025,Helio,Ear_Jup,45
06/03/2025,Jup,Hs,
07/03/2025,Geo,Sat_Nep,30
08/03/2025,Geo,Mer_Ura,150
09/03/2025,Geo,Nep_Plu,90
11/03/2025,Sat,Hs,
14/03/2025,Mon,LEcl,
23/03/2025,Geo,Sun_Jup,144
26/03/2025,Geo,Sun_Sat,135
26/03/2025,Geo,Mer_Sat,150
26/03/2025,Helio,Mar_Jup,150
29/03/2025,Sun,SEcl,
30/03/2025,Geo,Ven_Jup,180
30/03/2025,Helio,Ven_Jup,135
30/03/2025,Nep,Ari,
31/03/2025,Helio,Mer_Jup,72
05/04/2025,Geo,Sat_Plu,135
06/04/2025,Geo,Jup_Jup,150
07/04/2025,Helio,Mer_Plu,144
13/04/2025,Helio,Jup_Jup,150
16/04/2025,Geo,Jup_Sat,90
18/04/2025,Geo,Sat_Ura,7.5
18/04/2025,Geo,Mar_Jup,150
18/04/2025,Helio,Sat_Nep,30
19/04/2025,Geo,Jup_Ura,90
27/04/2025,Geo,Sat_Nep,36
01/05/2025,Geo,Jup_Nep,120
01/05/2025,Helio,Ear_Sat,45
03/05/2025,Helio,Jup_Ura,120
04/05/2025,Plu,R,
11/05/2025,Geo,Jup_Sat,72
12/05/2025,Geo,Sun_Jup,135
13/05/2025,Geo,Mer_Jup,120
15/05/2025,Geo,Sat_Plu,90
18/05/2025,Geo,Mar_Jup,144
23/05/2025,Helio,Jup_Plu,180
25/05/2025,Sat,Ari,
04/06/2025,Geo,Sat_Plu,135
04/06/2025,Helio,Mar_Jup,144
06/06/2025,Geo,Jup_Plu,180
08/06/2025,Helio,Jup_Sat,72
10/06/2025,Jup,Can,
21/06/2025,Geo,Ura_Plu,150
26/06/2025,Helio,Mar_Sat,120
26/06/2025,Jup,Hs,
27/06/2025,Geo,Mar_Jup,135
04/07/2025,Geo,Mer_Ura,144
05/07/2025,Nep,R,
07/07/2025,Ura,Gem,
08/07/2025,Geo,Jup_Nep,135
08/07/2025,Helio,Ven_Sat,45
09/07/2025,Geo,Jup_Sat,72
13/07/2025,Sat,R,
14/07/2025,Helio,Ven_Jup,144
18/07/2025,Geo,Sun_Jup,120
05/08/2025,Geo,Ura_Ura,72
11/08/2025,Helio,Jup_Sat,60
19/08/2025,Geo,Jup_Nep,144
19/08/2025,Helio,Mer_Jup,60
21/08/2025,Geo,Ven_Jup,150
22/08/2025,Helio,Jup_Nep,135
26/08/2025,Geo,Jup_Jup,180
27/08/2025,Helio,Ear_Jup,60
30/08/2025,Geo,Jup_Plu,15
31/08/2025,Helio,Nep_Plu,90
05/09/2025,Geo,Jup_Sat,60
06/09/2025,Ura,R,
07/09/2025,Geo,Mar_Jup,120
08/09/2025,Geo,Jup_Ura,120
08/09/2025,Mon,LEcl,
12/09/2025,Geo,Sat_Plu,90
17/09/2025,Geo,Jup_Sat,72
18/09/2025,Helio,Mar_Jup,135
22/09/2025,Sun,SEcl,
23/09/2025,Geo,Jup_Nep,150
23/09/2025,Helio,Ven_Jup,150
25/09/2025,Geo,Ven_Jup,144
27/09/2025,Helio,Sat_Ura,7.5
05/10/2025,Geo,Sat_Nep,36
08/10/2025,Geo,Ura_Ura,72
14/10/2025,Geo,Mer_Jup,90
14/10/2025,Plu,D,
15/10/2025,Helio,Sat_Nep,36
18/10/2025,Geo,Sat_Ura,7.5
28/10/2025,Helio,Jup_Sat,60
12/11/2025,Geo,Mer_Ura,144
12/11/2025,Jup,R,
23/11/2025,Helio,Sat_Plu,90
26/11/2025,Geo,Jup_Plu,15
27/11/2025,Geo,Ura_Plu,150
28/11/2025,Sat,D,
08/12/2025,Helio,Jup_Nep,144
10/12/2025,Geo,Mer_Jup,90
10/12/2025,Nep,D,
29/12/2025,Geo,Ven_Jup,144
31/12/2025,Geo,Jup_Nep,150
07/01/2026,Geo,Sat_Ura,7.5
18/01/2026,Geo,Jup_Ura,120
18/01/2026,Helio,Ear_Jup,72
19/01/2026,Geo,Mar_Jup,120
19/01/2026,Geo,Sat_Nep,36
21/01/2026,Geo,Jup_Sat,60
23/01/2026,Helio,Jup_Ura,120
25/01/2026,Helio,Ear_Sat,36
27/01/2026,Nep,Ari,
29/01/2026,Geo,Sat_Plu,135
03/02/2026,Geo,Jup_Sat,72
04/02/2026,Ura,D,
06/02/2026,Geo,Jup_Jup,180
06/02/2026,Geo,Sat_Plu,90
09/02/2026,Helio,Ven_Plu,7.5
12/02/2026,Geo,Ura_Plu,45
14/02/2026,Sat,Ari,
15/02/2026,Helio,Mer_Jup,45
17/02/2026,Sun,SEcl,
18/02/2026,Helio,Jup_Nep,150
19/02/2026,Geo,Ven_Jup,150
24/02/2026,Geo,Jup_Nep,144
03/03/2026,Helio,Ura_Plu,150
03/03/2026,Mon,LEcl,
09/03/2026,Geo,Sun_Sat,144
11/03/2026,Jup,D,
18/03/2026,Helio,Mar_Jup,120
19/03/2026,Geo,Mar_Sat,135
20/03/2026,Geo,Sat_Ura,15
26/03/2026,Geo,Jup_Nep,144
31/03/2026,Geo,Plu_Plu,36
31/03/2026,Geo,Ven_Jup,150
06/04/2026,Helio,Jup_Jup,180
08/04/2026,Geo,Sat_Nep,45
10/04/2026,Geo,Ura_Plu,150
13/04/2026,Geo,Jup_Jup,180
15/04/2026,Geo,Sun_Nep,144
23/04/2026,Geo,Mer_Ura,144
26/04/2026,Ura,Gem,
27/04/2026,Geo,Sun_Sat,150
27/04/2026,Helio,Ear_Ura,22.5
28/04/2026,Helio,Jup_Sat,45
29/04/2026,Geo,Jup_Sat,60
01/05/2026,Geo,Mar_Jup,120
02/05/2026,Geo,Jup_Ura,120
06/05/2026,Plu,R,
07/05/2026,Helio,Sat_Ura,15
14/05/2026,Geo,Ura_Ura,72
17/05/2026,Geo,Jup_Nep,150
18/05/2026,Helio,Jup_Plu,150
19/05/2026,Geo,Ven_Jup,144
24/05/2026,Geo,Sat_Ura,22.5
27/05/2026,Geo,Jup_Ura,135
28/05/2026,Geo,Mar_Nep,135
31/05/2026,Geo,Ura_Nep,15
31/05/2026,Geo,Mer_Jup,90
06/06/2026,Helio,Mer_Jup,36
10/06/2026,Geo,Mar_Sat,144
13/06/2026,Geo,Plu_Plu,36
26/06/2026,Geo,Jup_Plu,150
02/07/2026,Helio,Mer_Sat,150
04/07/2026,Geo,Ven_Jup,135
07/07/2026,Nep,R,
09/07/2026,Helio,Sat_Nep,45
17/07/2026,Geo,Jup_Sat,45
19/07/2026,Geo,Jup_Ura,135
21/07/2026,Helio,Ear_Sat,30
24/07/2026,Geo,Jup_Plu,144
27/07/2026,Helio,Jup_Ura,135
27/07/2026,Sat,R,
01/08/2026,Helio,Jup_Plu,144
02/08/2026,Helio,Jup_Sat,72
07/08/2026,Geo,Ura_Plu,45
09/08/2026,Geo,Sun_Jup,90
13/08/2026,Sun,SEcl,
14/08/2026,Helio,Ear_Nep,36
15/08/2026,Geo,Ura_Nep,15
17/08/2026,Geo,Mar_Nep,135
17/08/2026,Helio,Jup_Sat,36
19/08/2026,Helio,Mer_Jup,30
23/08/2026,Geo,Mer_Jup,72
23/08/2026,Jup,Hs,
27/08/2026,Geo,Jup_Sat,36
27/08/2026,Geo,Sat_Plu,135
27/08/2026,Helio,Ear_Jup,90
28/08/2026,Mon,LEcl,
29/08/2026,Geo,Jup_Ura,144
03/09/2026,Geo,Jup_Plu,135
11/09/2026,Geo,Ven_Jup,120
11/09/2026,Ura,R,
12/09/2026,Geo,Mar_Sat,144
14/09/2026,Helio,Mar_Sat,135
16/09/2026,Geo,Jup_Jup,150
25/09/2026,Geo,Jup_Sat,30
25/09/2026,Helio,Ven_Jup,180
26/09/2026,Helio,Ven_Sat,60
28/09/2026,Geo,Mar_Jup,90
28/09/2026,Geo,Jup_Ura,150
01/10/2026,Geo,Sat_Ura,22.5
06/10/2026,Geo,Sun_Nep,144
12/10/2026,Geo,Jup_Nep,180
14/10/2026,Helio,Jup_Plu,7.5
15/10/2026,Helio,Ura_Ura,72
16/10/2026,Plu,D,
21/10/2026,Geo,Jup_Jup,144
28/10/2026,Geo,Mer_Jup,60
31/10/2026,Helio,Jup_Sat,30
11/11/2026,Geo,Sun_Sat,150
16/11/2026,Helio,Jup_Ura,144
19/11/2026,Geo,Jup_Sat,22.5
21/11/2026,Helio,Mer_Jup,22.5
21/11/2026,Helio,Jup_Plu,135
29/11/2026,Geo,Sun_Jup,72
03/12/2026,Geo,Sat_Plu,135
11/12/2026,Sat,D,
13/12/2026,Helio,Sat_Ura,22.5
13/12/2026,Jup,R,
13/12/2026,Nep,D,
20/12/2026,Helio,Sat_Sat,150
21/12/2026,Geo,Ura_Plu,45
24/12/2026,Helio,Mer_Sat,144
26/12/2026,Geo,Sun_Jup,72
06/01/2027,Geo,Jup_Sat,22.5
10/01/2027,Geo,Sun_Sat,150
22/01/2027,Geo,Jup_Ura,135
28/01/2027,Geo,Mer_Jup,60
28/01/2027,Geo,Plu_Plu,36
31/01/2027,Helio,Jup_Ura,150
03/02/2027,Helio,Jup_Sat,22.5
05/02/2027,Geo,Jup_Jup,144
06/02/2027,Sun,SEcl,
08/02/2027,Ura,D,
14/02/2027,Geo,Sat_Ura,22.5
15/02/2027,Geo,Sun_Nep,144
15/02/2027,Geo,Jup_Nep,180
21/02/2027,Mon,LEcl,
24/02/2027,Helio,Mer_Jup,15
25/02/2027,Geo,Jup_Ura,135
25/02/2027,Helio,Ear_Sat,22.5
27/02/2027,Helio,Jup_Nep,180
28/02/2027,Geo,Mar_Sat,144
07/03/2027,Geo,Jup_Ura,150
08/03/2027,Geo,Mar_Jup,90
11/03/2027,Geo,Jup_Sat,30
13/03/2027,Geo,Nep_Plu,15
22/03/2027,Geo,Mar_Nep,135
23/03/2027,Geo,Ven_Sat,120
24/03/2027,Geo,Ura_Nep,15
28/03/2027,Helio,Mar_Jup,90
01/04/2027,Geo,Jup_Sat,90
13/04/2027,Jup,D,
15/04/2027,Geo,Sat_Sat,150
17/04/2027,Helio,Jup_Jup,150
18/04/2027,Geo,Mar_Sat,150
18/04/2027,Geo,Sat_Ura,30
08/05/2027,Geo,Sat_Nep,60
08/05/2027,Plu,R,
10/05/2027,Helio,Jup_Sat,15
16/05/2027,Geo,Jup_Sat,30
20/05/2027,Geo,Mar_Jup,90
20/05/2027,Geo,Jup_Ura,150
30/05/2027,Geo,Mer_Sat,180
31/05/2027,Helio,Mer_Jup,7.5
01/06/2027,Helio,Jup_Plu,120
02/06/2027,Helio,Mar_Sat,144
07/06/2027,Geo,Sat_Sat,144
08/06/2027,Geo,Jup_Nep,180
11/06/2027,Geo,Sat_Ura,36
12/06/2027,Helio,Sat_Sat,144
13/06/2027,Geo,Nep_Nep,45
14/06/2027,Sat,Hs,
17/06/2027,Geo,Jup_Jup,144
23/06/2027,Geo,Mer_Jup,60
03/07/2027,Helio,Jup_Jup,144
06/07/2027,Geo,Jup_Sat,22.5
07/07/2027,Geo,Nep_Plu,15
09/07/2027,Geo,Sun_Jup,72
10/07/2027,Nep,R,
18/07/2027,Helio,Sat_Ura,30
18/07/2027,Mon,LEcl,
22/07/2027,Geo,Jup_Plu,120
22/07/2027,Geo,Sun_Ura,150
25/07/2027,Geo,Mer_Ura,135
26/07/2027,Jup,Vir,
02/08/2027,Sun,SEcl,
04/08/2027,Geo,Jup_Jup,135
06/08/2027,Geo,Nep_Nep,45
10/08/2027,Sat,R,
12/08/2027,Geo,Jup_Sat,15
15/08/2027,Helio,Jup_Sat,7.5
17/08/2027,Mon,LEcl,
28/08/2027,Geo,Mar_Jup,72
02/09/2027,Geo,Plu_Plu,36
05/09/2027,Geo,Sun_Jup,60
05/09/2027,Geo,Mer_Jup,45
05/09/2027,Helio,Mer_Jup,0
08/09/2027,Helio,Ven_Sat,72
10/09/2027,Helio,Mer_Sat,135
14/09/2027,Helio,Ear_Jup,120
15/09/2027,Ura,R,
16/09/2027,Geo,Jup_Sat,7.5
17/09/2027,Helio,Sat_Nep,60
20/09/2027,Helio,Ura_Plu,45
28/09/2027,Helio,Ear_Sat,15
07/10/2027,Sat,Hs,
08/10/2027,Geo,Ven_Jup,90
10/10/2027,Geo,Sat_Ura,36
13/10/2027,Geo,Jup_Jup,120
13/10/2027,Helio,Ven_Jup,150
15/10/2027,Geo,Sat_Sat,144
18/10/2027,Plu,D,
19/10/2027,Geo,Mer_Jup,36
23/10/2027,Geo,Jup_Sat,0
25/10/2027,Geo,Mar_Jup,60
25/10/2027,Geo,Jup_Ura,180
25/10/2027,Geo,Mer_Sat,180
28/10/2027,Helio,Jup_Jup,135
08/11/2027,Geo,Jup_Nep,150
08/11/2027,Geo,Mer_Ura,135
11/11/2027,Geo,Sun_Ura,150
11/11/2027,Jup,Hs,
16/11/2027,Helio,Mar_Jup,72
20/11/2027,Geo,Ura_Nep,15
20/11/2027,Helio,Jup_Sat,0
21/11/2027,Helio,Mar_Sat,150
23/11/2027,Geo,Sun_Jup,45
23/11/2027,Geo,Mar_Nep,135
23/11/2027,Geo,Mer_Jup,30
01/12/2027,Geo,Plu_Plu,36
02/12/2027,Geo,Sat_Nep,60
12/12/2027,Helio,Mer_Jup,7.5
13/12/2027,Geo,Jup_Sat,7.5
13/12/2027,Helio,Mer_Ura,90
15/12/2027,Nep,D,
21/12/2027,Helio,Plu_Plu,36
24/12/2027,Sat,D,
30/12/2027,Helio,Ven_Jup,144
04/01/2028,Helio,Jup_Sat,90
05/01/2028,Helio,Sat_Ura,36
06/01/2028,Geo,Mar_Nep,135
07/01/2028,Geo,Jup_Nep,144
09/01/2028,Geo,Ura_Nep,15
12/01/2028,Jup,R,
12/01/2028,Mon,LEcl,
15/01/2028,Geo,Sat_Nep,60
17/01/2028,Geo,Jup_Nep,144
17/01/2028,Geo,Nep_Plu,15
26/01/2028,Sun,SEcl,
08/02/2028,Helio,Ear_Ura,30
11/02/2028,Geo,Jup_Sat,7.5
13/02/2028,Ura,D,
19/02/2028,Geo,Mer_Sat,180
23/02/2028,Helio,Jup_Ura,180
24/02/2028,Helio,Sat_Sat,135
26/02/2028,Helio,Jup_Sat,7.5
27/02/2028,Geo,Sat_Sat,144
02/03/2028,Geo,Sat_Ura,36
03/03/2028,Geo,Mer_Jup,30
04/03/2028,Geo,Sun_Jup,45
04/03/2028,Helio,Ura_Nep,15
04/03/2028,Sat,Hs,
17/03/2028,Jup,Hs,
19/03/2028,Helio,Mer_Jup,15
21/03/2028,Geo,Jup_Nep,150
22/03/2028,Helio,Jup_Nep,150
28/03/2028,Helio,Ear_Jup,135
30/03/2028,Geo,Nep_Nep,45
07/04/2028,Geo,Sat_Plu,120
11/04/2028,Helio,Sat_Plu,120
12/04/2028,Geo,Jup_Ura,180
12/04/2028,Geo,Mar_Jup,60
17/04/2028,Geo,Jup_Sat,0
19/04/2028,Geo,Sun_Plu,90
19/04/2028,Geo,Ven_Sat,135
21/04/2028,Helio,Mar_Jup,60
26/04/2028,Helio,Ven_Jup,135
28/04/2028,Helio,Ear_Sat,7.5
30/04/2028,Geo,Mer_Jup,36
08/05/2028,Geo,Sun_Ura,150
09/05/2028,Plu,R,
10/05/2028,Geo,Mer_Ura,135
10/05/2028,Geo,Sat_Nep,72
11/05/2028,Helio,Jup_Jup,120
12/05/2028,Geo,Sat_Sat,135
14/05/2028,Jup,D,
15/05/2028,Geo,Sat_Ura,45
28/05/2028,Geo,Mer_Jup,36
30/05/2028,Geo,Sun_Plu,90
04/06/2028,Helio,Jup_Sat,15
09/06/2028,Helio,Jup_Nep,144
10/06/2028,Geo,Jup_Sat,0
13/06/2028,Geo,Jup_Ura,144
14/06/2028,Geo,Mar_Jup,60
15/06/2028,Geo,Jup_Ura,180
16/06/2028,Geo,Sun_Nep,150
26/06/2028,Helio,Mer_Jup,22.5
26/06/2028,Helio,Jup_Plu,90
28/06/2028,Geo,Sun_Sat,180
06/07/2028,Geo,Jup_Nep,150
07/07/2028,Mon,LEcl,
09/07/2028,Jup,Hs,
11/07/2028,Geo,Ven_Sat,144
11/07/2028,Nep,R,
18/07/2028,Ura,Hs,
21/07/2028,Geo,Sun_Jup,45
22/07/2028,Geo,Mer_Jup,30
22/07/2028,Sun,SEcl,
24/07/2028,Helio,Ear_Jup,144
30/07/2028,Helio,Mar_Plu,72
04/08/2028,Geo,Jup_Sat,7.5
06/08/2028,Geo,Sun_Nep,150
11/08/2028,Geo,Jup_Nep,144
20/08/2028,Geo,Jup_Plu,90
21/08/2028,Helio,Sat_Nep,72
22/08/2028,Helio,Ven_Ura,120
23/08/2028,Sat,R,
31/08/2028,Geo,Mer_Jup,22.5
06/09/2028,Geo,Sun_Jup,36
10/09/2028,Geo,Jup_Sat,15
11/09/2028,Geo,Ven_Jup,72
11/09/2028,Helio,Jup_Sat,22.5
12/09/2028,Geo,Mar_Jup,45
15/09/2028,Helio,Sat_Ura,45
19/09/2028,Ura,R,
24/09/2028,Geo,Jup_Nep,135
03/10/2028,Geo,Nep_Plu,15
03/10/2028,Helio,Mer_Jup,30
04/10/2028,Geo,Sun_Jup,30
05/10/2028,Geo,Mer_Jup,15
05/10/2028,Geo,Ven_Sat,144
06/10/2028,Helio,Jup_Nep,135
11/10/2028,Helio,Ear_Jup,150
12/10/2028,Helio,Sat_Plu,144
15/10/2028,Geo,Jup_Sat,22.5
19/10/2028,Geo,Sun_Sat,180
19/10/2028,Plu,D,
24/10/2028,Geo,Mar_Jup,36
04/11/2028,Geo,Nep_Plu,15
05/11/2028,Helio,Mar_Jup,45
06/11/2028,Geo,Ven_Jup,60
07/11/2028,Helio,Mer_Sat,120
09/11/2028,Geo,Sun_Jup,22.5
09/11/2028,Geo,Mer_Jup,7.5
10/11/2028,Geo,Nep_Nep,45
10/11/2028,Helio,Ven_Jup,120
12/11/2028,Geo,Jup_Jup,90
12/11/2028,Helio,Mer_Plu,150
14/11/2028,Geo,Jup_Plu,72
21/11/2028,Geo,Jup_Sat,30
22/11/2028,Ura,Hs,
23/11/2028,Geo,Mar_Jup,30
23/11/2028,Geo,Jup_Ura,150
25/11/2028,Helio,Ear_Sat,0
28/11/2028,Helio,Jup_Ura,135
07/12/2028,Geo,Jup_Nep,120
17/12/2028,Nep,D,
19/12/2028,Helio,Jup_Sat,30
21/12/2028,Helio,Mer_Jup,36
22/12/2028,Geo,Sun_Jup,15
23/12/2028,Geo,Mer_Jup,0
29/12/2028,Geo,Jup_Sat,36
01/01/2029,Geo,Jup_Ura,144
01/01/2029,Mon,LEcl,
04/01/2029,Jup,Hs,
05/01/2029,Helio,Nep_Plu,15
05/01/2029,Sat,D,
06/01/2029,Helio,Mer_Nep,150
09/01/2029,Geo,Jup_Ura,144
15/01/2029,Sun,SEcl,
17/01/2029,Geo,Mar_Jup,22.5
22/01/2029,Geo,Nep_Nep,45
27/01/2029,Helio,Ven_Sat,90
07/02/2029,Geo,Sun_Plu,90
10/02/2029,Jup,R,
15/02/2029,Helio,Nep_Nep,45
16/02/2029,Ura,D,
19/02/2029,Helio,Jup_Plu,72
27/02/2029,Geo,Jup_Plu,22.5
04/03/2029,Helio,Mar_Jup,36
07/03/2029,Geo,Mar_Jup,22.5
09/03/2029,Helio,Jup_Sat,36
18/03/2029,Geo,Sun_Sat,180
20/03/2029,Jup,Hs,
23/03/2029,Geo,Jup_Ura,144
25/03/2029,Helio,Jup_Ura,150
26/03/2029,Geo,Jup_Ura,144
26/03/2029,Geo,Jup_Sat,36
27/03/2029,Geo,Ven_Sat,144
02/04/2029,Geo,Mer_Jup,0
02/04/2029,Geo,Sun_Nep,150
03/04/2029,Geo,Sun_Jup,15
08/04/2029,Helio,Ear_Plu,90
19/04/2029,Helio,Sat_Sat,120
19/04/2029,Helio,Mer_Jup,45
20/04/2029,Geo,Jup_Nep,120
22/04/2029,Helio,Jup_Nep,120
24/04/2029,Helio,Ear_Nep,30
01/05/2029,Helio,Sat_Ura,90
02/05/2029,Geo,Sat_Plu,135
07/05/2029,Ura,Hs,
11/05/2029,Plu,R,
12/05/2029,Geo,Jup_Ura,150
13/05/2029,Geo,Mar_Jup,30
14/05/2029,Geo,Ven_Sat,150
17/05/2029,Geo,Jup_Sat,30
23/05/2029,Geo,Jup_Sat,120
23/05/2029,Helio,Mar_Jup,30
04/06/2029,Helio,Sat_Plu,135
06/06/2029,Geo,Sat_Sat,120
09/06/2029,Geo,Mar_Sat,180
10/06/2029,Geo,Sat_Ura,60
11/06/2029,Geo,Sun_Ura,144
12/06/2029,Helio,Jup_Jup,90
12/06/2029,Helio,Jup_Ura,144
12/06/2029,Sun,SEcl,
14/06/2029,Jup,D,
21/06/2029,Helio,Ear_Sat,7.5
26/06/2029,Mon,LEcl,
28/06/2029,Sat,Hs,
29/06/2029,Geo,Ven_Ura,180
30/06/2029,Helio,Jup_Nep,72
02/07/2029,Geo,Sat_Nep,90
05/07/2029,Helio,Jup_Sat,45
08/07/2029,Helio,Ear_Ura,36
11/07/2029,Geo,Jup_Sat,30
11/07/2029,Sun,SEcl,
14/07/2029,Nep,R,
16/07/2029,Geo,Mar_Jup,30
16/07/2029,Geo,Jup_Ura,150
19/07/2029,Geo,Jup_Ura,150
22/07/2029,Geo,Sat_Plu,144
28/07/2029,Helio,Jup_Plu,60
29/07/2029,Geo,Jup_Plu,22.5
31/07/2029,Geo,Mer_Sat,150
06/08/2029,Geo,Jup_Nep,120
21/08/2029,Geo,Sun_Jup,15
22/08/2029,Geo,Mer_Jup,0
24/08/2029,Geo,Sun_Plu,90
27/08/2029,Geo,Jup_Sat,36
29/08/2029,Geo,Jup_Ura,144
29/08/2029,Helio,Mar_Jup,22.5
30/08/2029,Jup,Hs,
06/09/2029,Geo,Mar_Jup,22.5
06/09/2029,Sat,R,
20/09/2029,Geo,Jup_Plu,60
24/09/2029,Ura,R,
28/09/2029,Geo,Ven_Jup,45
30/09/2029,Geo,Sun_Jup,7.5
01/10/2029,Geo,Mer_Jup,7.5
09/10/2029,Helio,Jup_Ura,135
11/10/2029,Geo,Jup_Sat,45
13/10/2029,Geo,Mar_Jup,15
13/10/2029,Geo,Jup_Ura,135
13/10/2029,Geo,Mer_Sat,150
17/10/2029,Geo,Jup_Jup,72
21/10/2029,Plu,D,
23/10/2029,Geo,Sat_Plu,144
03/11/2029,Helio,Mer_Jup,60
04/11/2029,Geo,Sun_Jup,0
04/11/2029,Geo,Mer_Jup,15
04/11/2029,Helio,Sat_Ura,60
09/11/2029,Geo,Ven_Jup,36
11/11/2029,Geo,Sun_Nep,150
11/11/2029,Helio,Ear_Jup,180
14/11/2029,Geo,Sat_Nep,90
17/11/2029,Geo,Mar_Jup,7.5
19/11/2029,Sat,Hs,
29/11/2029,Geo,Jup_Plu,45
01/12/2029,Geo,Jup_Ura,150
05/12/2029,Sun,SEcl,
06/12/2029,Helio,Mar_Jup,15
07/12/2029,Geo,Ven_Jup,30
09/12/2029,Geo,Sun_Jup,7.5
10/12/2029,Geo,Mer_Jup,22.5
11/12/2029,Helio,Ven_Jup,90
12/12/2029,Geo,Jup_Jup,60
15/12/2029,Geo,Sun_Plu,90
18/12/2029,Geo,Sat_Ura,60
18/12/2029,Geo,Mar_Sat,180
19/12/2029,Nep,D,
21/12/2029,Geo,Jup_Sat,60
21/12/2029,Mon,LEcl,
23/12/2029,Geo,Mar_Jup,0
23/12/2029,Geo,Jup_Ura,120
26/12/2029,Geo,Sat_Sat,120
27/12/2029,Geo,Ven_Ura,180
02/01/2030,Helio,Sat_Nep,90
04/01/2030,Jup,Hs,
06/01/2030,Geo,Jup_Plu,22.5
06/01/2030,Geo,Jup_Nep,90
13/01/2030,Helio,Ear_Sat,15
17/01/2030,Geo,Jup_Plu,36
17/01/2030,Geo,Ven_Jup,22.5
18/01/2030,Helio,Jup_Sat,60
19/01/2030,Sat,D,
21/01/2030,Geo,Sun_Jup,15
21/01/2030,Geo,Mer_Jup,30
26/01/2030,Geo,Sun_Nep,150
29/01/2030,Geo,Sun_Ura,144
03/02/2030,Helio,Jup_Jup,72
06/02/2030,Helio,Sat_Plu,144
09/02/2030,Helio,Jup_Plu,45
12/02/2030,Geo,Sat_Sat,120
14/02/2030,Geo,Mar_Jup,7.5
19/02/2030,Geo,Mar_Sat,180
20/02/2030,Geo,Sat_Ura,60
21/02/2030,Ura,D,
25/02/2030,Helio,Mar_Nep,135
05/03/2030,Helio,Mar_Sat,180
13/03/2030,Jup,R,
14/03/2030,Helio,Mar_Jup,7.5
15/03/2030,Geo,Sun_Ura,144
18/03/2030,Sat,Hs,
23/03/2030,Geo,Sat_Nep,90
08/04/2030,Geo,Sat_Plu,144
08/04/2030,Helio,Mer_Jup,72
09/04/2030,Plu,Hs,
10/04/2030,Geo,Mar_Jup,7.5
13/04/2030,Geo,Mer_Sat,150
16/04/2030,Geo,Ven_Ura,180
16/04/2030,Helio,Jup_Sat,120
20/04/2030,Geo,Ura_Nep,22.5
23/04/2030,Helio,Jup_Ura,120
02/05/2030,Helio,Ven_Nep,60
05/05/2030,Geo,Mer_Jup,30
06/05/2030,Geo,Sun_Jup,15
08/05/2030,Geo,Jup_Ura,150
10/05/2030,Geo,Ven_Jup,22.5
10/05/2030,Geo,Jup_Plu,36
13/05/2030,Plu,R,
20/05/2030,Helio,Jup_Nep,90
24/05/2030,Geo,Jup_Nep,90
26/05/2030,Geo,Sat_Plu,150
27/05/2030,Jup,Hs,
31/05/2030,Geo,Mer_Sat,144
01/06/2030,Sat,Gem,
01/06/2030,Sun,SEcl,
06/06/2030,Helio,Jup_Plu,36
08/06/2030,Geo,Mar_Nep,144
08/06/2030,Geo,Sat_Ura,90
09/06/2030,Geo,Sat_Ura,72
15/06/2030,Geo,Mar_Ura,150
15/06/2030,Geo,Jup_Sat,135
16/06/2030,Geo,Jup_Ura,120
16/06/2030,Geo,Ura_Ura,90
16/06/2030,Geo,Mar_Jup,0
16/06/2030,Mon,LEcl,
16/06/2030,Plu,Hs,
19/06/2030,Helio,Mar_Jup,0
21/06/2030,Geo,Jup_Sat,60
23/06/2030,Helio,Jup_Sat,72
09/07/2030,Helio,Jup_Jup,60
15/07/2030,Jup,D,
17/07/2030,Nep,R,
19/07/2030,Helio,Sat_Plu,150
31/07/2030,Geo,Ura_Nep,120
02/08/2030,Helio,Ven_Jup,72
05/08/2030,Helio,Ear_Sat,22.5
08/08/2030,Geo,Jup_Sat,60
13/08/2030,Geo,Mar_Jup,0
13/08/2030,Geo,Jup_Ura,120
22/08/2030,Helio,Jup_Plu,30
25/08/2030,Geo,Mar_Nep,144
01/09/2030,Jup,Hs,
04/09/2030,Geo,Jup_Nep,90
05/09/2030,Geo,Sun_Sat,150
07/09/2030,Helio,Ven_Plu,0
10/09/2030,Geo,Mer_Sat,135
16/09/2030,Geo,Jup_Plu,36
16/09/2030,Geo,Ven_Jup,22.5
19/09/2030,Geo,Sun_Jup,15
20/09/2030,Geo,Mer_Jup,30
21/09/2030,Sat,R,
23/09/2030,Helio,Mar_Jup,7.5
28/09/2030,Helio,Sat_Ura,72